INSERT INTO BOMBA_SURTIDORA VALUES(123451, 'Activa');
INSERT INTO BOMBA_SURTIDORA VALUES(123452, 'Activa');
INSERT INTO BOMBA_SURTIDORA VALUES(123453, 'Activa');
INSERT INTO BOMBA_SURTIDORA VALUES(123454, 'Activa');
INSERT INTO BOMBA_SURTIDORA VALUES(123455, 'Activa');
INSERT INTO BOMBA_SURTIDORA VALUES(123456, 'En_Mantenimiento');
INSERT INTO BOMBA_SURTIDORA VALUES(123457, 'Activa');
INSERT INTO BOMBA_SURTIDORA VALUES(123458, 'En_Falla');
INSERT INTO BOMBA_SURTIDORA VALUES(123459, 'Activa');
INSERT INTO BOMBA_SURTIDORA VALUES(123450, 'En_Falla');
INSERT INTO BOMBA_SURTIDORA VALUES(123440, 'Activa');
INSERT INTO BOMBA_SURTIDORA VALUES(123441, 'Activa');
INSERT INTO BOMBA_SURTIDORA VALUES(123442, 'Activa');
INSERT INTO BOMBA_SURTIDORA VALUES(123443, 'Activa');

INSERT INTO CIS_BOMB (idBomba, idCisternaSub, litrosTransferidos, fechaLlenado)
VALUES (123451, 1, 20, SYSDATE-10);
INSERT INTO CIS_BOMB (idBomba, idCisternaSub, litrosTransferidos, fechaLlenado)
VALUES (123451, 2, 17, SYSDATE-9);
INSERT INTO CIS_BOMB (idBomba, idCisternaSub, litrosTransferidos, fechaLlenado)
VALUES (123451, 3, 36, SYSDATE-8);
INSERT INTO CIS_BOMB (idBomba, idCisternaSub, litrosTransferidos, fechaLlenado)
VALUES (123452, 8, 49, SYSDATE-8);
INSERT INTO CIS_BOMB (idBomba, idCisternaSub, litrosTransferidos, fechaLlenado)
VALUES (123452, 10, 35, SYSDATE-4);
INSERT INTO CIS_BOMB (idBomba, idCisternaSub, litrosTransferidos, fechaLlenado)
VALUES (123452, 9, 52, SYSDATE-4);
INSERT INTO CIS_BOMB (idBomba, idCisternaSub, litrosTransferidos, fechaLlenado)
VALUES (123455, 7, 2, SYSDATE-11);
INSERT INTO CIS_BOMB (idBomba, idCisternaSub, litrosTransferidos, fechaLlenado)
VALUES (123454, 4, 32, SYSDATE-8);
INSERT INTO CIS_BOMB (idBomba, idCisternaSub, litrosTransferidos, fechaLlenado)
VALUES (123457, 5, 42, SYSDATE-4);
INSERT INTO CIS_BOMB (idBomba, idCisternaSub, litrosTransferidos, fechaLlenado)
VALUES (123459, 8, 82, SYSDATE-3);
INSERT INTO CIS_BOMB (idBomba, idCisternaSub, litrosTransferidos, fechaLlenado)
VALUES (123440, 8, 2, SYSDATE-3);
INSERT INTO CIS_BOMB (idBomba, idCisternaSub, litrosTransferidos, fechaLlenado)
VALUES (123441, 8, 2, SYSDATE-2);
INSERT INTO CIS_BOMB (idBomba, idCisternaSub, litrosTransferidos, fechaLlenado)
VALUES (123442, 8, 2, SYSDATE-1);
INSERT INTO CIS_BOMB (idBomba, idCisternaSub, litrosTransferidos, fechaLlenado)
VALUES (123443, 8, 12, SYSDATE-4);

INSERT INTO FALLA VALUES (123440, SYSDATE-400, 'mala calibracion', 20500, sysdate-395);
INSERT INTO FALLA VALUES (123441, SYSDATE-400, 'No funciona', 0, sysdate-398);
INSERT INTO FALLA VALUES (123442, SYSDATE-400, 'Se le safo una pieza', 0, sysdate-399);
INSERT INTO FALLA VALUES (123443, SYSDATE-400, 'No envia gasolina', 0, sysdate-399);
INSERT INTO FALLA VALUES (123457, SYSDATE, 'No marca nada', 0, sysdate+4);
INSERT INTO FALLA VALUES (123450, SYSDATE, 'Da mal el precio', 45000.41, sysdate+1);
INSERT INTO FALLA VALUES (123451, SYSDATE-4, 'mala calibracion', 54300.32, sysdate);
INSERT INTO FALLA VALUES (123442, SYSDATE-700,'mala calibracion', 34095, sysdate-699);
INSERT INTO FALLA VALUES (123443, SYSDATE-600, 'Se le safo una pieza', 0, sysdate-599);
INSERT INTO FALLA VALUES (123450, SYSDATE-500, 'Se le safo una pieza', 0, sysdate-499);

INSERT INTO DISTRIBUIDOR VALUES ('1000000000', 'Pemex', 67820, 'pemex@correo.com');
INSERT INTO DISTRIBUIDOR VALUES ('1100000000', 'Shell', 53690, 'Shell@correo.com');
INSERT INTO DISTRIBUIDOR VALUES ('1110000000', 'Mobil', 27690, 'Mobil@correo.com');
INSERT INTO DISTRIBUIDOR VALUES ('1111000000', 'Hidrosina', 45620, 'Hidrosina@correo.com');
INSERT INTO DISTRIBUIDOR VALUES ('1111100000', 'Oxxogas', 86720, 'Oxxogas@correo.com');
INSERT INTO DISTRIBUIDOR VALUES ('1111110000', 'G500 Network', 76510, 'G500Net@correo.com');
INSERT INTO DISTRIBUIDOR VALUES ('1111111000', 'TotalEnergies', 17654, 'Tenergies@correo.com');
INSERT INTO DISTRIBUIDOR VALUES ('1111111100', 'Gasmart', 98763, 'Gasmart@correo.com');
INSERT INTO DISTRIBUIDOR VALUES ('1111111110', 'Gulf', 27967, 'Gulf@correo.com');
INSERT INTO DISTRIBUIDOR VALUES ('1111111111', 'Gas Bienestar', 87689.99, 'GBienestar@correo.com');

INSERT INTO DIST_TELEFONO VALUES ('1000000000', '5544668810');
INSERT INTO DIST_TELEFONO VALUES ('1000000000', '5544668811');
INSERT INTO DIST_TELEFONO VALUES ('1100000000', '5544668812');
INSERT INTO DIST_TELEFONO VALUES ('1111000000', '5544668813');
INSERT INTO DIST_TELEFONO VALUES ('1111000000', '5544668814');
INSERT INTO DIST_TELEFONO VALUES ('1111100000', '5544668815');
INSERT INTO DIST_TELEFONO VALUES ('1111110000', '5544668816');
INSERT INTO DIST_TELEFONO VALUES ('1111111100', '5544668817');
INSERT INTO DIST_TELEFONO VALUES ('1111111111', '5544668818');
INSERT INTO DIST_TELEFONO VALUES ('1111111111', '5544668819');

INSERT INTO DIST_DESPACHO_CISTERNA VALUES ('1000000000', 2, SYSDATE, NULL,1000, 20390);
INSERT INTO DIST_DESPACHO_CISTERNA VALUES ('1000000000', 3, SYSDATE, NULL, 20000, 453800); 
INSERT INTO DIST_DESPACHO_CISTERNA VALUES ('1000000000', 1, SYSDATE, NULL, 2000, 38640);
INSERT INTO DIST_DESPACHO_CISTERNA VALUES ('1100000000', 4, SYSDATE, NULL, 35000, 676200); 
INSERT INTO DIST_DESPACHO_CISTERNA VALUES ('1110000000', 5, SYSDATE, NULL, 40000, 815600); 
INSERT INTO DIST_DESPACHO_CISTERNA VALUES ('1111000000', 6, SYSDATE, NULL, 40000, 815600); 
INSERT INTO DIST_DESPACHO_CISTERNA VALUES ('1111100000', 7, SYSDATE, NULL, 42000, 952980); 
INSERT INTO DIST_DESPACHO_CISTERNA VALUES ('1111111110', 8, SYSDATE, NULL, 5000, 96600);
INSERT INTO DIST_DESPACHO_CISTERNA VALUES ('1111111110', 10, SYSDATE,NULL,  10000, 340350);
INSERT INTO DIST_DESPACHO_CISTERNA VALUES ('1111111110', 9, SYSDATE, NULL, 5000, 101950);

INSERT INTO EMPLEADO VALUES(001231, 'Lucho','Hernandez',NULL, 'Lucho@correo.com', '5500112230', 'RFC0123456789', SYSDATE-350, 9300, null);
INSERT INTO EMPLEADO VALUES(001232, 'Jose','Mendoza',NULL, 'Jose@correo.com', '5500112230', 'RFC0123456789', SYSDATE-350, 7300, null);
INSERT INTO EMPLEADO VALUES(001233, 'Naydelin','Buendia','Martinez', 'Naydelin@correo.com', '5500112230', 'RFC0123456789', SYSDATE-350, 1300,001233);
INSERT INTO EMPLEADO VALUES(001234, 'Marcos','Lomeli',NULL, 'Marcos@correo.com', '5500112230', 'RFC0123456789', SYSDATE-350, 7300, null);
INSERT INTO EMPLEADO VALUES(001235, 'Javier','Normal','Normal', 'Javier@correo.com', '5500112230', 'RFC0123456789', SYSDATE-350, 7800, null);
INSERT INTO EMPLEADO VALUES(001236, 'Leinad','Rodriguez','Barrera', 'Leinad@correo.com', '5500112230', 'RFC0123456789', SYSDATE-350, 8900, 001236);
INSERT INTO EMPLEADO VALUES(001237, 'Ximena','Benites','Cerrano', 'Ximena@correo.com', '5500112230', 'RFC0123456789', SYSDATE-350, 5860, null);
INSERT INTO EMPLEADO VALUES(001238, 'Lucia','Mendez','Hernandez', 'Lucy@correo.com', '5500112230', 'RFC0123456789', SYSDATE-85, 870, 001238);
INSERT INTO EMPLEADO VALUES(001239, 'Isaias','Becerril',NULL, 'Isa@correo.com', '5500112230', 'RFC0123456789', SYSDATE-99, 6879, null);
INSERT INTO EMPLEADO VALUES(001240, 'Johan','Aguirre','Aguilar', 'Johan@correo.com', '5500112230', 'RFC0123456789', SYSDATE-50, 4678, 001240);

INSERT INTO EMP_SUC VALUES (1, 001231, SYSDATE-350);
INSERT INTO EMP_SUC VALUES (1, 001232, SYSDATE-350);
INSERT INTO EMP_SUC VALUES (1, 001233, SYSDATE-350);
INSERT INTO EMP_SUC VALUES (9, 001234, SYSDATE-350);
INSERT INTO EMP_SUC VALUES (9, 001235, SYSDATE-350);
INSERT INTO EMP_SUC VALUES (9, 001236, SYSDATE-350);
INSERT INTO EMP_SUC VALUES (9, 001237, SYSDATE-350);
INSERT INTO EMP_SUC VALUES (5, 001238, SYSDATE-85);
INSERT INTO EMP_SUC VALUES (2, 001239, SYSDATE-99);
INSERT INTO EMP_SUC VALUES (3, 001240, SYSDATE-50);

INSERT INTO EMP_ASIGN_BOM VALUES(123451, 001231, SYSDATE-350);
INSERT INTO EMP_ASIGN_BOM VALUES(123452, 001232, SYSDATE-350);
INSERT INTO EMP_ASIGN_BOM VALUES(123453, 001233, SYSDATE-350);
INSERT INTO EMP_ASIGN_BOM VALUES(123454, 001234, SYSDATE-350);
INSERT INTO EMP_ASIGN_BOM VALUES(123455, 001235, SYSDATE-350);
INSERT INTO EMP_ASIGN_BOM VALUES(123456, 001236, SYSDATE-350);
INSERT INTO EMP_ASIGN_BOM VALUES(123457, 001237, SYSDATE-350);
INSERT INTO EMP_ASIGN_BOM VALUES(123458, 001238, SYSDATE-85);
INSERT INTO EMP_ASIGN_BOM VALUES(123459, 001239, SYSDATE-99);
INSERT INTO EMP_ASIGN_BOM VALUES(123450, 001240, SYSDATE-50);

INSERT INTO CLIENTE VALUES(000011112220, 'Luis','Herrera',NULL, 'LuisH@correo.com', '5511223300', 50,1293);
INSERT INTO CLIENTE VALUES(000011112221, 'Brandon','Fernandez',NULL, 'BrandonF@correo.com', '5511223301', 22,51);
INSERT INTO CLIENTE VALUES(000011112222, 'Ximena','Francisco',NULL, 'XimeF@correo.com', '5511223302', 15,351.75);
INSERT INTO CLIENTE VALUES(000011112223, 'Amy','Franco',NULL, 'AmyFranco@correo.com', '5511223303', 25,646.5);
INSERT INTO CLIENTE VALUES(000011112224, 'Jose','Martinez',NULL, 'JoseMart@correo.com', '5511223304', 36,844.2);
INSERT INTO CLIENTE VALUES(000011112225, 'Martin','Muller',NULL, 'MartinM@correo.com', '5511223305', 39,1107.6);
INSERT INTO CLIENTE VALUES(000011112226, 'Raul','Hernandez',NULL, 'RaulHer@correo.com', '5511223306', 40,1034.4);
INSERT INTO CLIENTE VALUES(000011112227, 'Roberto','Jimenez',NULL, 'Robert@correo.com', '5511223307', 42, 984.9);
INSERT INTO CLIENTE VALUES(000011112228, 'Fernanda','Zamora','Duran', 'Fer@correo.com', '5511223308', 50,1420);
INSERT INTO CLIENTE VALUES(000011112229, 'Paola','Garcia','Garcia', 'Pao@correo.com', '5511223309', 5,117.25);

INSERT INTO CLIENTE_VIP VALUES(000011112220, 3, 60, 0);
INSERT INTO CLIENTE_VIP VALUES(000011112221, 3, 70, 0 );
INSERT INTO CLIENTE_VIP VALUES(000011112222, 6, 180.4, 3);
INSERT INTO CLIENTE_VIP VALUES(000011112223, 2, 41,0);
INSERT INTO CLIENTE_VIP VALUES(000011112224, 2, 64, 0);
INSERT INTO CLIENTE_VIP VALUES(000011112225, 3, 75, 0);
INSERT INTO CLIENTE_VIP VALUES(000011112226, 10, 240, 3);
INSERT INTO CLIENTE_VIP VALUES(000011112227, 8, 206,3 );

INSERT INTO CLIENTE_PLACA VALUES(000011112220, 0012345691);
INSERT INTO CLIENTE_PLACA VALUES(000011112221, 0012345692);
INSERT INTO CLIENTE_PLACA VALUES(000011112222, 9012345693);
INSERT INTO CLIENTE_PLACA VALUES(000011112223, 8012345694);
INSERT INTO CLIENTE_PLACA VALUES(000011112224, 7012345695);
INSERT INTO CLIENTE_PLACA VALUES(000011112225, 6012345696);
INSERT INTO CLIENTE_PLACA VALUES(000011112226, 5012345697);
INSERT INTO CLIENTE_PLACA VALUES(000011112227, 4012345698);
INSERT INTO CLIENTE_PLACA VALUES(000011112228, 3012345699);
INSERT INTO CLIENTE_PLACA VALUES(000011112229, 2012345690);
INSERT INTO CLIENTE_PLACA VALUES(000011112229, 1012345691);

INSERT INTO VENTA VALUES (10000001, 000011112220, 001231, 123451, 'Magna', SYSDATE-10, 21, 492.45);
INSERT INTO VENTA VALUES (10000002, 000011112221, 001232, 123452, 'Magna', SYSDATE-9, 15, 351.75);
INSERT INTO VENTA VALUES (10000003, 000011112224, 001235, 123455, 'Magna', SYSDATE-6, 17, 398.65);
INSERT INTO VENTA VALUES (10000004, 000011112226, 001237, 123457, 'Premium', SYSDATE-4, 18, 465.48);
INSERT INTO VENTA VALUES (10000005, 000011112229, 001240, 123450, 'Magna', SYSDATE-1, 12, 281.40);
INSERT INTO VENTA VALUES (10000006, 000011112223, 001233, 123453, 'Premium', SYSDATE-3, 20, 517.20);
INSERT INTO VENTA VALUES (10000007, 000011112225, 001234, 123454, 'Diesel', SYSDATE-2, 25, 710.00);
INSERT INTO VENTA VALUES (10000008, 000011112228, 001236, 123456, 'Diesel', SYSDATE-2, 30, 852.00);
INSERT INTO VENTA VALUES (10000009, 000011112222, 001238, 123458, 'Magna', SYSDATE-3, 18, 421.20);
INSERT INTO VENTA VALUES (10000010, 000011112221, 001239, 123459, 'Premium', SYSDATE-3, 15, 388.00);
